{
  "ckpt": "/root/autodl-tmp/cv_final_task2/runs_act/act_B_trainB_evalD_v1/best.pt",
  "step": 27000,
  "best_metric_in_ckpt": 0.1571229373663664,
  "train_splits": "splitB",
  "eval_splits": "splitD",
  "chunk_size": 16,
  "batch_size": 32,
  "max_batches": -1,
  "num_batches": 9654,
  "loss": 0.14888274998841866,
  "l1_loss": 0.14868648716555155,
  "kld_loss": 1.9626288464343315e-05
}